GEOID,name,City,incomeE,popE,popN,whiteE,blackE,na_anE,asianE,nh_opiE,oth_raceE,two_plusE,hispanicE,foreign_bornE,speak_oth_langE,public_trans_workE,med_incE,pub_asstE,povertyE,med_mo_housing_costE,fam_hhE,fam_hh_marE,fam_hh_othE,internetE,broadbandE,travel_workE,edu_12_nodegE,edu_hs_degE,edu_some_colE,edu_col_nodegE,edu_aa_degE,edu_bac_degE,edu_ms_degE,edu_prof_degE,edu_phd_degE,hh_inc_lt10kE,hh_inc_10_14KE,hh_inc_15_19KE,hh_inc_20_24KE,hh_inc_25_29KE,hh_inc_30_34KE,hh_inc_35_39KE,hh_inc_40_44KE,hh_inc_45_49KE,hh_inc_50_59KE,hh_inc_60_74KE,hh_inc_75_99KE,hh_inc_100_134KE,cluster,clust_title,INTPTLAT,INTPTLON
53063000201,CT 2.01,1,39756,3019,0.005715443,2537,169,8,94,0,78,133,185,262,14,22,27317,483,2879,873,672,490,182,1222,1222,1301,57,717,215,380,280,222,88,0,0,93,92,87,55,143,76,128,92,35,135,118,129,98,1,LILE,47.7101272,-117.371287
53063000202,CT 2.02,1,37330,1396,0.002642848,1158,11,39,0,35,56,97,112,62,0,42,20080,254,1295,825,254,125,129,563,563,498,0,128,89,222,132,83,33,19,0,81,55,11,40,72,47,55,101,0,69,37,13,12,3,HILE,47.7030301,-117.3703928
53063000301,CT 3.01,1,37038,2665,0.005045265,1780,188,122,142,0,124,309,207,194,13,0,18491,269,2621,1037,652,376,276,901,901,1050,24,483,91,369,178,221,88,0,0,89,50,150,23,64,120,80,142,60,61,90,55,75,1,LILE,47.7078308,-117.3829931
53063000302,CT 3.02,1,49562,3054,0.005781704,1973,240,2,200,0,22,617,178,311,77,43,26663,431,2896,1170,703,433,270,907,907,1340,147,374,215,462,226,186,56,0,0,34,95,39,10,69,0,90,74,97,183,50,105,48,1,LILE,47.707852,-117.3912147
53063000400,CT 4,1,47241,4275,0.008093249,3334,44,90,61,68,19,659,465,362,0,52,29765,545,3979,886,873,490,383,1512,1512,1699,45,658,198,996,298,159,140,32,0,186,75,35,89,108,147,81,131,61,192,170,312,134,1,LILE,47.7078715,-117.4032297
53063000500,CT 5,1,54734,3282,0.006213344,2569,93,91,105,16,43,365,148,155,0,7,34103,379,3075,1082,817,615,202,1323,1305,1595,20,625,219,311,324,303,57,21,50,27,42,25,48,31,107,106,113,105,163,234,195,103,1,LILE,47.7078639,-117.4185054
53063000600,CT 6,1,63750,3278,0.006205771,2833,86,9,200,0,69,81,151,137,7,87,38920,368,3077,1049,768,523,245,1196,1196,1549,17,586,221,362,400,362,98,0,0,32,60,19,46,23,82,65,103,65,99,148,196,158,3,HILE,47.708114,-117.4311015
53063000700,CT 7,1,58589,5498,0.010408581,5033,7,31,19,18,54,336,353,35,0,38,34385,665,5306,1101,1462,717,745,2001,2001,2568,91,523,522,762,466,663,205,7,14,116,86,74,39,133,137,96,132,128,241,214,409,137,2,LIME,47.7080925,-117.4451911
53063000800,CT 8,1,79487,5568,0.010541102,4712,263,113,44,11,68,357,410,109,0,13,36649,58,5365,1178,1392,1234,158,1843,1828,2076,54,629,430,613,518,952,468,60,27,75,33,63,49,133,24,25,161,51,119,224,254,339,4,HIHE,47.7204887,-117.4626406
53063000900,CT 9,1,66860,6367,0.012053735,5837,53,24,31,27,0,395,198,73,0,25,34628,781,6061,1134,1768,1207,561,2057,2047,2245,92,985,393,733,457,883,96,91,14,123,36,123,64,48,49,82,128,46,270,417,515,249,2,LIME,47.7077302,-117.4716375
53063001000,CT 10,1,62610,5464,0.010344214,5147,5,19,16,0,13,264,138,72,0,79,43675,383,5326,1224,1530,1076,454,2074,2074,2456,92,670,316,806,504,797,435,22,42,35,48,38,87,101,150,111,110,231,173,236,330,387,4,HIHE,47.6968283,-117.4739585
53063001100,CT 11,1,78419,3567,0.006752894,2619,68,13,110,56,47,654,538,196,0,28,37562,34,3356,1153,1061,749,312,1368,1368,1619,15,415,238,464,333,735,224,24,31,18,2,34,23,31,81,27,69,70,95,207,279,255,3,HILE,47.6930083,-117.4451693
53063001200,CT 12,1,57024,2473,0.004681779,1982,13,51,56,92,125,154,155,99,6,8,30184,132,2341,1159,566,374,192,885,880,986,8,342,263,323,233,299,62,5,6,27,33,11,69,50,29,53,37,93,102,156,120,117,3,HILE,47.6950551,-117.431158
53063001300,CT 13,1,43469,3443,0.006518142,2881,88,59,37,0,51,327,236,68,0,78,27500,167,3308,964,697,517,180,1368,1368,1667,82,490,333,406,435,268,124,38,16,146,133,35,37,99,103,88,144,55,43,208,124,170,1,LILE,47.6942589,-117.4183333
53063001400,CT 14,1,45469,6722,0.012725806,5020,272,25,615,0,151,639,826,817,28,140,25682,1276,6497,1064,1274,880,394,2267,2254,2472,14,934,377,680,538,583,206,19,0,122,188,61,88,56,304,100,274,102,316,215,260,110,2,LIME,47.6909025,-117.4033144
53063001500,CT 15,1,53105,5716,0.01082129,5168,130,121,78,0,31,188,146,97,8,72,30293,539,5633,1019,1413,888,525,1902,1902,2282,96,820,195,709,619,415,365,17,0,52,54,195,96,109,276,100,170,67,375,203,241,325,2,LIME,47.6920183,-117.3876644
53063001600,CT 16,1,43630,3510,0.006644984,2751,140,45,0,134,71,369,464,458,22,38,26870,682,3396,888,806,429,377,1138,1130,1390,43,718,192,384,221,130,45,0,0,144,105,63,39,88,109,70,108,79,52,40,304,156,1,LILE,47.6923843,-117.3711367
53063001800,CT 18,1,42117,3088,0.005846071,2576,34,45,13,0,106,314,141,248,0,46,29176,114,2897,770,694,367,327,1065,1060,1141,48,494,145,379,259,411,215,0,47,89,92,132,109,82,79,30,90,0,156,116,133,102,1,LILE,47.6791825,-117.3847468
53063001900,CT 19,1,58478,3755,0.007108807,3271,59,104,32,0,8,281,150,47,0,8,35080,244,3513,1105,858,568,290,1363,1357,1593,36,527,235,389,346,476,186,7,55,115,80,0,29,50,64,104,93,59,156,211,169,132,1,LILE,47.6814745,-117.4191814
53063002000,CT 20,1,36145,4333,0.008203053,3650,65,204,27,92,16,279,458,332,82,94,24675,489,4155,991,875,370,505,1602,1583,1659,120,608,368,603,450,304,103,28,6,259,72,44,129,88,205,189,93,60,49,151,235,48,1,LILE,47.678431,-117.4317189
53063002100,CT 21,1,67538,2601,0.004924103,2280,18,30,14,116,0,143,122,103,0,11,31904,141,2505,1041,648,378,270,1048,1019,1228,42,412,209,232,358,197,112,59,16,17,37,55,55,61,74,26,19,64,74,131,333,129,3,HILE,47.6785885,-117.4420301
53063002300,CT 23,1,58302,4758,0.009007645,3473,174,265,110,22,140,574,450,139,0,124,30560,174,4736,907,1020,705,315,1944,1929,2241,79,938,431,391,483,696,226,139,68,222,223,93,130,48,154,70,108,33,104,254,343,161,2,LIME,47.6668625,-117.4498224
53063002400,CT 24,1,26750,3222,0.006099754,2452,123,159,69,0,99,320,267,115,0,56,17286,295,2173,867,336,182,154,994,994,668,8,255,136,550,238,383,99,71,9,265,156,104,48,71,38,66,35,29,137,123,76,45,1,LILE,47.6667098,-117.4230915
53063002501,CT 25.01,1,40640,3233,0.006120579,2147,209,73,92,8,201,503,355,170,0,83,14285,32,2952,818,405,284,121,1084,1084,1753,0,345,61,305,288,274,46,0,0,133,174,64,55,43,26,84,86,53,149,45,75,57,1,LILE,47.6756959,-117.4038614
53063002502,CT 25.02,1,39214,2612,0.004944928,2393,89,0,60,0,23,47,73,137,11,0,21510,125,2359,990,356,282,74,793,793,1120,82,531,35,401,183,270,52,0,0,126,137,81,71,41,26,53,24,10,114,198,114,53,1,LILE,47.6719706,-117.3931032
53063002600,CT 26,1,44738,4982,0.009431712,3479,159,40,396,58,41,809,497,515,0,179,23404,693,4743,927,1155,733,422,2015,2015,2440,71,601,426,847,336,429,91,17,19,110,128,110,189,57,178,178,108,73,180,357,233,102,2,LIME,47.6728223,-117.3759555
53063002900,CT 29,1,73913,3552,0.006724496,2813,35,0,277,0,131,296,311,491,73,63,35658,185,3324,1220,879,660,219,1195,1195,1574,60,579,199,400,265,631,57,40,15,23,0,30,19,93,33,56,38,11,161,162,197,290,3,HILE,47.6468897,-117.3541649
53063003000,CT 30,1,46868,2552,0.004831339,1985,83,37,55,58,0,334,319,266,7,22,28250,397,2499,1003,595,396,199,821,817,1045,22,264,155,352,88,393,129,12,11,80,103,35,91,14,31,27,23,91,49,55,139,141,3,HILE,47.6507151,-117.3722274
53063003100,CT 31,1,61265,5181,0.00980845,4470,108,74,121,124,15,269,453,370,0,120,35330,293,4931,1251,1235,973,262,2097,2097,2585,27,460,359,582,327,1365,365,159,70,256,90,64,74,103,99,74,84,88,157,381,302,133,4,HIHE,47.6458728,-117.391885
53063003200,CT 32,1,46545,2873,0.005439042,2566,60,56,146,0,13,32,214,227,0,54,36046,64,2583,948,404,252,152,1427,1378,1276,50,540,60,460,255,650,195,39,29,109,22,34,87,6,130,148,155,203,149,117,209,142,1,LILE,47.6493664,-117.4146266
53063003500,CT 35,1,14015,2743,0.005192932,2414,73,38,78,0,17,123,149,78,0,146,13750,43,2626,550,256,170,86,1333,1318,815,12,346,298,459,222,421,171,43,38,553,458,86,73,113,124,75,43,9,9,32,85,84,1,LILE,47.6575712,-117.4215755
53063003601,CT 36.01,1,30684,2413,0.00456819,1859,0,137,81,0,6,330,271,49,0,105,26350,325,2329,998,506,243,263,1123,1123,1127,22,85,83,641,104,320,173,49,7,174,37,94,89,209,60,6,53,92,53,86,53,31,1,LILE,47.674326,-117.4543483
53063003602,CT 36.02,1,37268,2420,0.004581442,2028,75,46,131,0,49,91,164,107,0,305,27283,27,2393,760,203,119,84,1551,1551,1241,0,301,100,614,227,487,197,18,18,47,336,160,63,197,10,93,104,79,94,186,122,108,1,LILE,47.6539524,-117.4423934
53063003800,CT 38,1,62014,1811,0.003428509,1636,4,7,56,0,9,99,38,154,0,23,35288,91,1739,1003,427,247,180,840,840,949,26,195,70,198,272,351,117,20,17,68,16,52,22,14,39,48,39,71,69,106,202,46,3,HILE,47.6481654,-117.465186
53063003900,CT 39,1,49595,2473,0.004681779,2254,13,27,15,0,0,164,85,111,24,6,32557,128,2407,892,671,489,182,1006,1006,656,63,135,125,328,274,307,239,94,31,54,72,33,96,52,44,81,42,105,102,84,54,70,3,HILE,47.6180704,-117.4264481
53063004001,CT 40.01,1,51711,2760,0.005225115,1882,461,11,247,0,0,159,39,387,0,38,31704,224,2760,836,620,306,314,1280,1280,1343,23,136,183,457,325,348,164,12,51,128,55,44,55,52,135,49,114,19,182,236,105,30,1,LILE,47.64501,-117.429432
53063004002,CT 40.02,1,42170,2378,0.004501929,2043,24,16,0,17,228,50,262,0,0,123,32934,77,2237,880,464,237,227,1318,1318,1304,51,171,127,325,153,515,159,9,30,61,75,51,30,85,172,72,174,25,198,174,43,10,1,LILE,47.6466864,-117.4375558
53063004100,CT 41,1,75500,2238,0.004236887,2009,73,18,39,8,30,61,87,44,0,89,40811,53,2195,1117,583,460,123,970,970,994,11,104,57,329,123,552,308,110,104,38,33,11,130,28,24,46,30,26,57,104,119,147,3,HILE,47.6429386,-117.414131
53063004200,CT 42,1,103417,4869,0.009217785,4196,8,9,75,4,108,469,432,277,10,83,49795,163,4715,1567,1498,1261,237,1862,1862,2024,7,302,150,326,164,1156,694,322,251,116,7,0,15,51,33,44,56,39,57,144,374,249,4,HIHE,47.6341872,-117.4189252
53063004300,CT 43,1,98542,3571,0.006760466,3256,67,0,48,0,0,200,146,201,0,89,50557,76,3408,1200,1006,829,177,1397,1387,1588,0,182,135,386,370,826,378,167,138,34,51,9,10,21,54,46,43,36,128,102,245,201,3,HILE,47.6226226,-117.4134711
53063004400,CT 44,1,65890,4799,0.009085264,4392,111,1,64,0,58,173,247,129,0,66,36614,156,4693,1312,1252,972,280,1877,1860,2223,9,367,191,512,491,1048,474,161,48,30,127,35,92,44,78,86,29,140,263,239,382,271,4,HIHE,47.6210063,-117.3932696
53063004500,CT 45,1,98281,3728,0.007057692,3374,1,33,125,21,15,159,126,121,15,9,50842,48,3571,1273,1016,890,126,1488,1488,1337,13,80,59,416,244,843,615,252,123,44,9,67,33,34,10,62,59,54,156,59,203,172,3,HILE,47.6334928,-117.3914198
53063004601,CT 46.01,1,45503,3956,0.007489332,3312,70,14,84,0,30,446,186,197,0,23,34924,227,3793,873,906,639,267,1696,1696,1364,46,481,286,463,354,785,290,54,69,217,107,212,177,82,47,154,52,173,102,136,257,161,1,LILE,47.6377312,-117.3709394
53063004602,CT 46.02,1,86806,3160,0.005982378,2540,153,21,144,15,34,253,171,254,0,42,46948,285,3067,1266,951,723,228,1198,1188,1490,0,357,215,368,268,610,267,42,31,50,37,24,4,36,17,22,18,59,86,100,298,123,3,HILE,47.6342734,-117.3550355
53063004701,CT 47.01,1,72604,3272,0.006194412,2339,2,285,72,0,139,435,248,292,0,33,41320,411,3104,1253,678,470,208,1122,1122,1231,21,392,192,420,407,320,150,29,9,40,45,11,43,37,64,0,12,77,132,151,112,203,3,HILE,47.6245432,-117.3578354
53063004702,CT 47.02,1,71742,3803,0.007199679,3479,1,0,0,5,153,165,92,328,0,109,42750,224,3655,1174,910,717,193,1495,1495,1426,16,373,132,511,273,415,714,208,45,106,63,79,49,13,47,20,60,48,211,134,258,146,3,HILE,47.6210452,-117.3764523
53063004800,CT 48,1,53167,4132,0.007822528,3673,171,31,113,0,8,136,151,230,6,88,40409,130,3972,1218,1013,782,231,1692,1677,1519,19,380,309,409,246,1063,397,77,32,57,102,97,222,49,66,125,152,89,109,169,148,287,1,LILE,47.6131105,-117.3562995
53063004900,CT 49,1,99925,5684,0.010760709,4929,58,30,83,0,164,420,525,244,0,27,43156,30,5536,1184,1538,1388,150,2279,2270,2074,21,327,162,446,486,1525,477,267,82,89,29,71,47,93,144,46,101,88,100,88,274,232,4,HIHE,47.6061666,-117.3830752
53063005000,CT 50,1,66417,4731,0.008956529,3980,194,80,126,93,0,258,145,325,0,28,45858,441,4447,1010,1120,791,329,1742,1742,1574,23,369,216,417,385,825,544,329,84,231,90,98,171,35,43,23,120,45,96,203,229,44,4,HIHE,47.5885704,-117.3692775
53063010101,CT 101.01,0,66304,3537,0.006696099,3167,0,0,32,0,0,338,246,101,63,17,41613,191,3501,1142,1065,1049,16,1400,1400,1507,0,585,225,515,485,486,298,17,33,32,0,0,16,0,15,212,114,168,157,114,133,168,3,HILE,47.7427133,-117.1467515
53063010102,CT 101.02,0,101027,2818,0.005334919,2559,0,36,52,0,0,171,0,74,0,0,50373,15,2695,1197,875,747,128,987,987,1561,12,341,232,478,338,503,81,19,19,15,0,0,0,43,13,36,30,0,103,152,129,116,3,HILE,47.9053874,-117.1138914
53063010201,CT 102.01,0,73093,4425,0.008377223,4006,0,39,16,0,0,364,69,63,0,0,36306,175,4321,1354,1433,1084,349,1483,1464,1835,103,898,277,626,501,550,123,55,47,0,17,47,12,55,89,72,53,44,252,420,224,148,4,HIHE,47.9499281,-117.2525258
53063010203,CT 102.03,0,105588,4798,0.009083371,4262,0,2,128,59,195,152,71,297,27,16,48275,33,4446,1464,1193,1115,78,1378,1378,1905,28,487,202,668,524,633,305,112,74,16,37,0,34,0,32,14,74,13,125,113,245,119,4,HIHE,47.8177863,-117.3148324
53063010204,CT 102.04,0,74769,3311,0.006268245,3227,0,0,0,0,0,84,161,0,0,0,38458,32,3147,1299,796,718,78,814,800,1085,14,218,96,430,364,631,131,79,0,32,19,16,18,0,42,17,44,67,62,173,127,104,3,HILE,47.8114359,-117.2303426
53063010301,CT 103.01,0,55409,4953,0.00937681,4408,0,107,0,20,55,363,151,86,0,0,30764,289,4697,927,1227,996,231,1739,1731,1787,40,866,282,627,578,346,188,19,0,151,107,137,19,87,83,39,162,85,240,214,324,159,1,LILE,47.9533878,-117.4676386
53063010303,CT 103.03,0,81528,3507,0.006639304,3401,0,26,0,0,0,80,32,168,7,0,29752,248,3355,1118,925,885,40,1157,1157,1233,5,687,114,609,359,487,94,36,29,24,30,57,18,16,63,53,47,6,112,149,218,61,3,HILE,47.8834033,-117.4856874
53063010304,CT 103.04,0,55972,5745,0.010876191,5094,28,0,49,0,0,574,178,89,0,0,26791,415,5488,787,1618,1358,260,1888,1874,1880,23,984,519,878,987,309,43,8,0,156,94,40,129,125,82,170,161,17,264,182,326,219,2,LIME,47.9951067,-117.4255461
53063010305,CT 103.05,0,106563,7818,0.014800707,7164,0,30,31,0,49,544,196,108,0,0,36402,148,7660,1526,2380,2114,266,2562,2562,3373,38,901,468,1245,719,871,630,81,23,119,95,46,13,51,0,106,20,83,119,201,397,658,4,HIHE,47.8729286,-117.3798019
53063010401,CT 104.01,0,54318,8591,0.016264118,5521,550,510,504,317,295,894,924,755,14,16,22977,857,5303,1055,1390,700,690,1924,1924,2221,92,1036,739,1239,680,347,256,18,24,142,100,83,65,190,83,115,93,104,227,251,286,190,2,LIME,47.6411651,-117.5927146
53063010403,CT 104.03,0,66786,3333,0.006309895,2924,3,10,116,0,120,160,225,381,63,0,34125,138,3210,1204,960,772,188,1077,1077,1096,9,642,116,428,539,467,8,0,0,12,93,69,106,0,0,6,43,48,159,128,114,198,3,HILE,47.6647928,-117.7061884
53063010404,CT 104.04,0,86597,2795,0.005291376,2530,0,84,17,0,0,164,60,54,0,0,38718,9,2737,1150,771,643,128,1008,985,1052,37,395,310,505,435,375,61,34,20,43,20,39,20,58,31,31,21,0,80,98,145,132,3,HILE,47.768312,-117.6839713
53063010504,CT 105.04,0,83661,3555,0.006730176,3452,0,13,0,0,56,34,304,42,0,0,40036,122,3462,1065,1075,903,172,1304,1296,1318,20,542,151,445,284,473,289,50,10,25,15,64,39,88,16,38,17,112,103,114,202,181,3,HILE,47.8052034,-117.3630427
53063010505,CT 105.05,0,97700,3780,0.007156136,3335,0,108,12,0,0,325,190,135,19,4,39119,19,3648,1396,1059,913,146,1241,1241,1610,81,439,197,210,393,686,150,25,123,37,0,36,10,31,97,46,109,0,8,98,181,205,3,HILE,47.7628045,-117.4032315
53063010506,CT 105.06,0,58426,5374,0.01017383,4631,49,0,390,0,12,292,186,388,44,170,31189,182,5240,1029,1260,1055,205,2178,2166,1638,12,485,451,719,229,994,507,188,64,127,59,66,287,73,234,84,23,80,185,158,395,172,4,HIHE,47.7695711,-117.4260235
53063010507,CT 105.07,0,88979,4622,0.008750175,4193,0,0,22,98,73,236,213,153,0,10,43516,40,4487,1529,1437,1198,239,1713,1713,2017,50,552,280,469,456,668,320,139,74,41,5,28,34,10,125,140,109,104,59,106,291,165,4,HIHE,47.7864373,-117.3809601
53063010508,CT 105.08,0,119643,4403,0.008335574,4157,0,0,21,0,30,195,258,62,0,28,54320,129,4347,1990,1229,999,230,1415,1415,1495,16,267,208,416,442,820,302,61,38,34,21,0,0,0,75,18,33,37,57,148,110,210,3,HILE,47.78987,-117.5017593
53063010601,CT 106.01,0,77390,3805,0.007203465,3282,0,23,32,0,208,260,260,119,0,0,35179,120,3633,1238,997,864,133,1195,1195,1400,9,534,220,375,358,562,271,44,73,23,26,78,41,8,30,69,16,17,62,238,222,80,3,HILE,47.7314602,-117.5056641
53063010603,CT 106.03,0,89126,4643,0.008789931,4248,3,26,160,20,41,145,31,151,25,0,46360,110,4503,1116,1372,1117,255,1877,1877,1727,41,682,265,689,559,706,343,0,12,47,33,0,13,167,96,35,16,33,68,194,445,121,4,HIHE,47.7412923,-117.494385
53063010604,CT 106.04,0,110202,3652,0.006913812,3362,13,7,83,0,8,179,96,90,0,0,43676,199,3597,1566,1089,1024,65,1332,1332,1523,0,322,263,272,362,629,503,118,89,15,31,0,31,0,0,16,9,107,97,165,187,252,3,HILE,47.747247,-117.4817507
53063010701,CT 107.01,1,95938,4369,0.008271206,3861,0,0,233,0,156,119,321,338,49,0,58644,32,4251,1826,1184,1036,148,1442,1442,1676,0,310,203,438,284,841,336,132,53,22,61,24,0,0,44,13,32,36,124,208,230,189,4,HIHE,47.7339896,-117.441605
53063010702,CT 107.02,1,109116,4086,0.007735443,3704,140,0,122,0,19,101,215,359,0,33,49688,78,3935,1822,1060,944,116,1233,1233,1568,0,315,176,329,243,769,288,106,27,83,14,59,10,0,0,12,93,35,61,89,148,99,3,HILE,47.7443772,-117.4570535
53063010800,CT 108,1,53856,2305,0.004363729,2043,29,15,37,7,22,152,122,64,0,70,24778,152,2083,865,523,389,134,720,720,973,24,290,155,411,182,193,75,32,11,93,49,60,27,95,52,32,27,7,75,99,223,46,3,HILE,47.7500587,-117.4083743
53063010901,CT 109.01,1,72115,2325,0.004401592,2097,62,5,0,0,0,161,29,20,0,0,29242,219,2269,1081,493,352,141,764,764,729,83,420,140,267,245,229,119,7,0,10,22,36,76,18,43,18,20,3,37,173,218,91,3,HILE,47.7333754,-117.4164288
53063010902,CT 109.02,1,83319,3564,0.006747214,2742,242,8,273,8,102,189,206,327,0,19,9585,44,2157,1581,532,417,115,717,717,1041,11,198,154,194,142,377,133,26,47,9,0,0,7,27,10,16,16,99,57,60,132,125,3,HILE,47.745627,-117.4258228
53063011000,CT 110,1,65625,3553,0.006726389,3065,50,0,105,0,19,314,240,160,7,64,35123,86,3453,1178,952,579,373,1297,1297,1527,38,576,239,412,474,443,50,40,33,76,53,62,48,83,48,66,92,28,110,89,367,219,1,LILE,47.7209866,-117.4237839
53063011102,CT 111.02,1,58028,4301,0.008142471,3800,156,31,55,21,24,214,177,238,11,41,32242,472,4024,1034,1079,654,425,1625,1625,2154,31,654,320,629,286,370,141,31,41,90,54,72,69,33,231,54,89,46,189,239,171,225,1,LILE,47.7387511,-117.4024276
53063011103,CT 111.03,1,25552,2760,0.005225115,2407,41,20,89,170,33,0,65,366,70,67,23437,120,2468,834,472,301,171,1449,1434,979,84,463,140,379,266,393,39,4,0,80,80,231,404,218,123,137,0,74,40,80,95,4,1,LILE,47.7186778,-117.40736
53063011104,CT 111.04,1,41901,2886,0.005463653,2099,174,0,9,145,82,377,484,54,32,30,24577,403,2844,981,586,190,396,1058,1040,1267,79,418,224,303,172,229,78,0,0,132,160,13,103,20,76,60,169,129,53,131,83,34,1,LILE,47.7204015,-117.4005137
53063011202,CT 112.02,0,63173,3988,0.007549913,3458,39,28,29,0,35,399,359,185,2,6,34298,131,3960,1035,1062,775,287,1425,1425,1674,25,665,246,521,569,429,130,71,44,37,42,86,37,41,123,12,18,197,113,204,137,109,1,LILE,47.7409953,-117.3331147
53063011203,CT 112.03,1,45743,5859,0.011092011,4822,222,0,177,510,31,97,186,578,0,138,30198,786,5465,1030,1232,637,595,2257,2227,2616,96,1015,560,498,512,635,123,57,0,236,130,87,111,206,337,102,82,135,248,262,257,171,2,LIME,47.7414914,-117.3765629
53063011204,CT 112.04,1,58068,2177,0.004121404,1673,0,99,288,0,63,54,135,668,58,0,33041,167,2100,1046,562,429,133,840,833,885,0,471,61,215,217,256,121,0,0,69,59,25,34,11,35,34,89,22,99,74,174,83,3,HILE,47.7197683,-117.3876093
53063011301,CT 113.01,0,90962,3824,0.007239435,3560,61,0,51,0,12,140,270,235,0,10,40404,63,3705,1163,1190,1148,42,1569,1569,1417,25,480,154,614,354,648,408,18,51,89,0,61,35,15,81,35,26,52,123,109,408,164,3,HILE,47.7025472,-117.2746173
53063011302,CT 113.02,0,87958,5188,0.009821702,4329,0,12,156,0,170,521,353,556,0,29,35313,193,4854,1224,1410,1084,326,1939,1936,2674,13,639,248,589,705,1046,231,31,0,172,99,40,20,85,47,0,110,9,60,168,444,410,4,HIHE,47.7026697,-117.3093559
53063011400,CT 114,0,62456,5744,0.010874298,5203,0,120,159,0,19,243,172,184,21,17,40307,258,5469,1130,1644,1329,315,2153,2153,2348,46,913,473,891,623,454,87,196,16,67,244,32,65,29,144,35,149,42,218,204,303,189,4,HIHE,47.6963573,-117.2102305
53063011500,CT 115,0,64347,1618,0.003063129,1510,0,59,13,0,21,15,97,125,0,12,40642,77,1571,1263,462,382,80,601,601,732,11,188,90,229,161,254,175,4,0,5,26,0,46,44,12,16,68,39,30,58,78,42,3,HILE,47.6868207,-117.2980923
53063011600,CT 116,0,61563,1896,0.003589427,1692,18,17,19,0,6,144,71,75,0,10,34175,138,1761,902,450,304,146,698,698,836,8,282,158,237,138,204,56,33,14,35,36,33,38,18,23,31,49,51,65,77,152,51,3,HILE,47.6855655,-117.2800787
53063011701,CT 117.01,0,53990,2228,0.004217955,1953,36,0,40,10,40,149,81,87,0,143,34336,60,2170,848,507,330,177,901,901,1194,0,352,263,369,173,213,150,11,0,86,147,9,26,34,48,33,19,93,54,119,233,65,3,HILE,47.6771897,-117.2833457
53063011702,CT 117.02,0,42516,7914,0.01498245,6752,128,81,10,76,229,638,1250,469,61,76,27205,1345,7382,1010,1953,1086,867,2751,2751,3863,31,1359,433,924,809,627,228,61,0,329,180,189,199,315,221,189,88,287,146,308,363,256,2,LIME,47.6819109,-117.2370346
53063011800,CT 118,0,41968,5814,0.011006819,5158,182,45,30,0,44,355,348,136,0,23,25581,452,5669,1054,1083,625,458,2089,2089,2451,15,1185,276,756,492,774,244,0,15,193,243,59,242,96,281,150,166,70,278,277,356,150,2,LIME,47.6652828,-117.2296411
53063011900,CT 119,0,53783,5398,0.010219266,4515,82,169,94,113,0,425,222,340,14,6,27177,616,5114,1074,1226,713,513,1882,1875,2052,0,1063,352,709,498,520,120,19,24,59,50,68,199,103,148,156,121,90,191,243,318,109,2,LIME,47.6656024,-117.2506134
53063012000,CT 120,0,51271,4300,0.008140578,3886,16,13,17,0,86,282,177,127,0,68,29003,329,4146,919,1161,621,540,1774,1774,2037,71,598,314,834,510,348,34,7,19,53,202,82,81,86,194,117,46,33,201,169,328,165,1,LILE,47.6658881,-117.2719325
53063012100,CT 121,0,53182,2717,0.00514371,2448,0,0,7,0,36,226,243,73,0,0,35769,137,2621,1159,665,477,188,976,976,1087,7,415,184,319,278,312,127,12,0,60,25,43,64,61,64,44,122,40,92,157,161,60,3,HILE,47.6642819,-117.2927134
53063012200,CT 122,0,55347,2387,0.004518968,2157,0,14,59,5,7,145,76,62,0,1,33030,227,2335,943,566,328,238,815,808,1123,56,367,132,316,216,184,56,10,6,60,0,52,32,48,77,82,56,34,77,153,136,47,3,HILE,47.6738991,-117.3149784
53063012300,CT 123,0,52661,5690,0.010772068,4595,116,145,59,25,393,357,520,257,0,70,34063,586,5007,935,1072,860,212,1918,1826,2598,60,1022,336,497,701,446,142,11,0,148,199,129,138,59,29,139,121,178,195,275,219,282,2,LIME,47.6476961,-117.32237
53063012401,CT 124.01,0,104183,5970,0.011302152,5507,26,3,74,0,1,359,43,110,0,19,43258,37,5886,1558,1708,1462,246,1844,1844,2167,8,821,330,798,463,1226,344,103,47,58,17,76,70,162,45,10,61,16,110,133,280,365,4,HIHE,47.624773,-117.2771365
53063012402,CT 124.02,0,113021,7207,0.013643988,6495,54,10,87,12,54,495,360,350,0,51,48222,400,6968,1523,2033,1780,253,2430,2430,2909,18,702,458,727,626,1162,534,145,133,161,18,15,40,48,64,12,66,46,193,197,335,364,4,HIHE,47.5986767,-117.2175267
53063012500,CT 125,0,58654,3574,0.006766146,2397,42,141,113,176,399,306,482,292,0,8,33012,80,3272,981,760,387,373,1221,1221,1536,109,821,177,516,172,246,23,0,49,57,42,115,18,76,89,34,22,128,127,176,264,65,1,LILE,47.6503357,-117.269841
53063012600,CT 126,0,61189,4352,0.008239023,3765,51,48,0,11,40,437,295,234,0,107,31392,267,4140,1142,1180,811,369,1597,1597,2030,45,619,236,659,551,579,116,79,24,89,39,97,76,50,95,87,83,80,118,303,240,173,1,LILE,47.6497395,-117.2506015
53063012701,CT 127.01,0,52870,3840,0.007269726,3499,84,54,26,10,9,158,398,475,0,45,32289,105,3713,1133,988,725,263,1533,1533,1824,140,877,207,360,402,494,179,18,9,44,78,75,162,138,107,56,118,72,151,331,122,158,1,LILE,47.6497419,-117.2289842
53063012702,CT 127.02,0,81000,3012,0.005702191,2495,119,6,20,0,192,180,328,199,0,6,32730,326,2871,1408,779,486,293,834,834,1072,58,372,154,386,198,369,123,5,0,5,5,5,22,32,23,18,15,21,133,151,202,64,3,HILE,47.6369973,-117.225244
53063012801,CT 128.01,0,61157,4183,0.007919079,3795,33,21,128,0,0,206,325,175,18,49,35807,192,3986,1035,1265,862,403,1577,1577,1712,57,638,228,597,509,468,163,36,35,134,52,83,49,36,92,46,57,76,195,143,257,259,1,LILE,47.634111,-117.2396227
53063012802,CT 128.02,0,72125,3943,0.007464721,3315,133,107,121,0,0,267,111,328,0,28,38955,159,3875,1140,1081,855,226,1291,1291,1694,20,667,126,463,369,598,227,24,17,5,31,55,18,36,0,23,105,79,126,255,207,282,3,HILE,47.6356725,-117.2599472
53063012901,CT 129.01,0,60841,2926,0.00553938,2807,6,41,7,0,0,65,51,227,0,0,28949,138,2733,1130,711,571,140,965,965,943,61,515,151,331,406,234,101,0,0,19,37,44,123,94,37,16,26,33,108,175,215,120,3,HILE,47.6646756,-117.208777
53063012902,CT 129.02,0,72340,8144,0.015417877,7330,95,77,107,8,68,459,278,399,76,42,30157,272,7577,1167,1791,1447,344,2255,2255,3918,76,1250,564,803,905,810,345,169,0,26,11,57,173,162,69,98,128,159,182,341,359,222,2,LIME,47.6424471,-117.207381
53063013001,CT 130.01,0,130781,1235,0.00233805,1048,0,5,0,0,182,0,182,118,0,0,54595,0,1220,1625,408,366,42,442,442,551,25,146,159,110,140,148,85,30,0,42,0,0,0,0,25,0,0,24,0,24,45,56,3,HILE,47.635073,-117.1875995
53063013002,CT 130.02,0,48341,2967,0.005616999,2469,0,0,113,0,169,216,303,322,0,28,28610,210,2913,1086,808,606,202,1205,1205,1232,22,475,241,368,348,312,62,0,0,59,59,37,77,90,62,177,61,104,169,163,156,77,1,LILE,47.6610921,-117.1872126
53063013003,CT 130.03,0,95947,6454,0.01221844,5782,240,38,225,0,0,169,638,289,0,24,46727,420,6097,1430,1659,1353,306,2098,2098,2203,71,535,277,863,566,1066,606,118,8,206,71,23,20,150,0,109,146,80,79,159,171,157,4,HIHE,47.6391963,-117.1702455
53063013101,CT 131.01,0,67778,7821,0.014806387,6880,122,0,126,0,0,693,755,302,0,27,39599,413,7541,1325,1963,1559,404,3254,3254,3472,66,928,307,856,575,1389,786,206,235,132,25,45,39,261,144,364,224,116,184,638,449,208,2,LIME,47.672601,-117.1500588
53063013102,CT 131.02,0,90270,5660,0.010715273,5056,94,0,117,0,84,309,216,345,0,52,46776,73,5397,1310,1618,1274,344,1984,1984,2347,37,932,341,605,415,978,371,49,0,52,27,0,149,117,78,75,0,75,65,272,461,272,4,HIHE,47.6420035,-117.1394169
53063013201,CT 132.01,0,71140,7606,0.014399358,6746,0,43,75,21,279,442,566,156,15,18,31704,439,7422,1069,2134,1693,441,2564,2564,3227,49,1351,576,1069,744,731,249,95,0,41,64,93,174,38,130,46,145,205,295,231,361,320,2,LIME,47.7047884,-117.09595
53063013203,CT 132.03,0,89493,2997,0.005673794,2789,1,116,69,0,0,22,154,59,0,18,41923,100,2935,1501,871,821,50,1146,1146,1050,0,281,58,358,366,795,186,23,58,26,23,0,18,41,32,128,23,57,35,112,210,178,3,HILE,47.6749798,-117.0839387
53063013204,CT 132.04,0,116667,5347,0.010122714,4792,0,14,146,0,18,377,49,116,0,11,54250,288,5232,1459,1399,1218,181,1673,1673,1631,20,457,391,300,375,1295,289,39,79,71,17,54,14,68,21,0,47,32,27,116,181,376,4,HIHE,47.6573459,-117.0576509
53063013205,CT 132.05,0,96500,4072,0.007708938,3629,31,0,0,0,37,375,103,39,0,35,45985,359,4006,1990,981,772,209,1212,1212,1460,0,362,337,366,258,300,264,14,105,27,52,0,16,0,21,16,23,66,95,174,183,40,3,HILE,47.6060609,-117.0687173
53063013300,CT 133,0,111382,3243,0.006139511,3190,0,0,4,0,1,48,10,28,0,0,53514,112,3161,1605,964,893,71,1128,1115,1403,6,303,194,338,262,640,185,88,31,9,13,25,12,46,9,43,51,0,85,78,160,114,3,HILE,47.5543298,-117.1765157
53063013401,CT 134.01,0,135493,5755,0.010895123,5294,0,0,118,0,188,155,115,212,0,17,56344,120,5495,1754,1752,1594,158,2078,2078,2296,11,368,165,622,381,1585,584,281,100,40,0,73,6,17,26,47,14,0,83,108,260,261,4,HIHE,47.6142731,-117.3260677
53063013501,CT 135.01,0,93669,1880,0.003559137,1583,0,0,91,0,0,206,143,95,0,0,41629,52,1817,1826,636,474,162,591,591,687,75,90,148,450,210,474,101,0,0,68,0,0,0,19,0,0,17,36,37,0,203,139,3,HILE,47.5394715,-117.5131445
53063013502,CT 135.02,0,139904,2256,0.004270964,2062,0,74,107,0,0,13,0,64,0,0,54534,0,2159,1430,772,707,65,854,854,827,0,77,76,235,239,535,369,110,103,21,0,0,0,0,0,44,11,42,79,119,62,32,3,HILE,47.548304,-117.358848
53063013503,CT 135.03,0,129728,6261,0.011853061,5918,0,0,122,0,0,221,116,271,0,0,60347,84,5754,1913,1859,1727,132,2243,2243,2710,0,604,358,575,415,1605,654,223,73,17,48,31,0,121,46,79,101,45,34,185,100,248,4,HIHE,47.5588227,-117.4444335
53063013600,CT 136,0,76165,5163,0.009774373,4319,80,38,204,0,43,479,391,224,0,16,39810,350,4989,1312,1308,971,337,1790,1790,2167,14,619,311,381,405,992,279,40,30,55,39,22,70,72,103,21,124,93,173,160,324,266,4,HIHE,47.6054603,-117.48356
53063013700,CT 137,0,61250,3651,0.006911919,2975,132,97,105,80,75,187,211,340,6,16,32482,161,3332,1223,843,574,269,1371,1326,1706,78,436,138,404,327,481,239,63,38,25,49,83,10,62,68,58,47,93,229,227,183,112,1,LILE,47.6607719,-117.525426
53063013800,CT 138,0,64223,3343,0.006328826,2308,316,104,66,0,47,502,557,192,0,0,29727,5,2297,1458,794,723,71,741,741,1753,0,137,150,365,281,328,79,21,29,32,0,0,12,57,30,47,35,37,63,208,128,37,3,HILE,47.6186471,-117.6484382
53063013900,CT 139,0,78508,5779,0.010940559,5109,155,6,69,6,214,220,447,383,0,0,35571,24,5264,1123,1511,1327,184,2009,1997,2306,45,754,381,587,615,1023,272,42,27,110,61,20,12,72,110,32,116,27,261,110,395,385,4,HIHE,47.5438426,-117.6671406
53063014001,CT 140.01,0,33636,5658,0.010711487,4306,150,23,152,7,381,639,697,139,0,83,12871,182,4054,910,690,382,308,1655,1655,2268,8,268,121,407,228,657,180,26,36,359,147,63,195,120,79,74,128,70,153,101,123,134,1,LILE,47.4919555,-117.5773039
53063014002,CT 140.02,0,43576,6295,0.011917428,4944,229,147,85,39,279,572,766,606,0,215,24043,231,6092,1055,1397,1005,392,2320,2320,2830,6,209,137,564,293,778,468,37,102,669,20,93,166,99,48,132,190,25,61,355,201,326,2,LIME,47.5020209,-117.6042845
53063014100,CT 141,0,82092,6538,0.012377465,6094,84,0,65,0,41,254,181,556,0,71,38310,143,6344,1231,1802,1482,320,2156,2156,2290,21,657,368,898,624,1026,544,47,32,33,35,66,83,52,126,140,25,186,112,250,398,335,4,HIHE,47.5108486,-117.6587045
53063014200,CT 142,0,75357,3667,0.006942209,3462,20,2,40,0,51,92,178,91,0,11,33194,47,3589,1188,943,792,151,1246,1246,1620,29,490,107,615,378,350,201,24,10,43,26,49,45,79,36,27,55,59,218,107,207,145,3,HILE,47.3660074,-117.6307756
53063014300,CT 143,0,60379,3030,0.005736268,2791,3,26,0,0,25,185,78,71,0,0,31071,226,2925,1023,717,571,146,929,908,1203,24,447,137,375,337,395,110,46,8,64,46,64,46,53,31,27,31,46,145,118,137,100,3,HILE,47.3762315,-117.2491312
53063014400,CT 144,1,60850,4882,0.009242396,3891,27,85,92,182,119,486,515,330,70,0,32608,408,4636,1071,1268,887,381,1655,1655,2131,23,934,344,628,522,329,252,21,0,59,20,21,36,43,44,89,173,97,280,236,303,141,2,LIME,47.6933186,-117.3521333
53063014500,CT 145,1,32738,2171,0.004110045,1574,171,130,20,1,134,141,185,64,22,60,18099,260,2117,819,402,144,258,776,771,703,98,261,207,255,180,216,29,5,15,184,108,59,72,27,32,25,20,13,89,100,106,26,1,LILE,47.6619878,-117.373987
